fold,Acc_train,Acc_test
0,0.7898832684824902,0.6833333333333333
1,0.7879377431906615,0.6583333333333333
2,0.796692607003891,0.75
3,0.7928015564202334,0.7083333333333334
4,0.7902912621359224,0.7288135593220338
5,0.7909441233140655,0.7454545454545455
6,0.791907514450867,0.7181818181818181
7,0.7832369942196532,0.7363636363636363
8,0.7890173410404624,0.7181818181818181
9,0.779383429672447,0.7363636363636363
