fold,Acc_train,Acc_test
0,1.0,0.8666666666666667
1,1.0,0.8083333333333333
2,1.0,0.85
3,1.0,0.85
4,1.0,0.9152542372881356
5,1.0,0.8636363636363636
6,1.0,0.8909090909090909
7,1.0,0.8909090909090909
8,1.0,0.8636363636363636
9,1.0,0.8909090909090909
