fold,Acc_train,Acc_test
0,0.9095330739299611,0.7166666666666667
1,0.8394941634241245,0.7083333333333334
2,0.943579766536965,0.7416666666666667
3,0.9980544747081712,0.8333333333333334
4,0.9427184466019417,0.7711864406779662
5,0.8342967244701349,0.6818181818181818
6,0.8111753371868978,0.7090909090909091
7,0.9691714836223507,0.8272727272727273
8,0.9990366088631984,0.8
9,0.9132947976878613,0.7181818181818181
