fold,Acc_train,Acc_test
0,0.9659533073929961,0.75
1,0.9766536964980544,0.6333333333333333
2,0.9630350194552529,0.7583333333333333
3,0.9630350194552529,0.6916666666666667
4,0.974757281553398,0.6694915254237288
5,0.9614643545279383,0.7363636363636363
6,0.9653179190751445,0.7545454545454545
7,0.9653179190751445,0.7454545454545455
8,0.9691714836223507,0.7272727272727273
9,0.9710982658959537,0.6909090909090909
