fold,Acc_train,Acc_test
0,0.7840466926070039,0.6333333333333333
1,0.7801556420233463,0.65
2,0.7879377431906615,0.7333333333333333
3,0.7879377431906615,0.7166666666666667
4,0.7796116504854369,0.7627118644067796
5,0.7736030828516378,0.6636363636363637
6,0.7755298651252408,0.6545454545454545
7,0.779383429672447,0.7363636363636363
8,0.779383429672447,0.7363636363636363
9,0.7832369942196532,0.6818181818181818
