fold,Acc_train,Acc_test
0,0.9416342412451362,0.7416666666666667
1,0.9455252918287937,0.7083333333333334
2,0.9406614785992218,0.8
3,0.9396887159533074,0.8083333333333333
4,0.945631067961165,0.788135593220339
5,0.9354527938342967,0.8
6,0.941233140655106,0.7818181818181819
7,0.941233140655106,0.7545454545454545
8,0.9402697495183044,0.7090909090909091
9,0.941233140655106,0.7454545454545455
