fold,Acc_train,Acc_test
0,0.9640077821011673,0.6666666666666666
1,0.9669260700389105,0.6833333333333333
2,0.9698443579766537,0.675
3,0.9640077821011673,0.6833333333333333
4,0.9650485436893204,0.6610169491525424
5,0.9653179190751445,0.7272727272727273
6,0.9701348747591522,0.7363636363636363
7,0.9797687861271677,0.7181818181818181
8,0.9739884393063584,0.7818181818181819
9,0.9633911368015414,0.7090909090909091
