fold,Acc_train,Acc_test
0,1.0,0.9
1,1.0,0.9083333333333333
2,1.0,0.9416666666666667
3,1.0,0.9416666666666667
4,1.0,0.9152542372881356
5,1.0,0.9090909090909091
6,1.0,0.9545454545454546
7,1.0,0.9272727272727272
8,1.0,0.9272727272727272
9,1.0,0.8818181818181818
