fold,Acc_train,Acc_test
0,0.892023346303502,0.7583333333333333
1,0.995136186770428,0.9
2,0.9961089494163424,0.9166666666666666
3,0.995136186770428,0.8833333333333333
4,0.9970873786407767,0.8728813559322034
5,0.9951830443159922,0.9272727272727272
6,0.6233140655105973,0.6
7,0.523121387283237,0.5181818181818182
8,1.0,0.9
9,0.9971098265895953,0.8909090909090909
