fold,Acc_train,Acc_test
0,0.8258754863813229,0.5333333333333333
1,0.8570038910505836,0.5166666666666667
2,0.8258754863813229,0.4666666666666667
3,0.8394941634241245,0.5416666666666666
4,0.829126213592233,0.4830508474576271
5,0.8188824662813102,0.5181818181818182
6,0.8371868978805395,0.5363636363636364
7,0.8352601156069365,0.5454545454545454
8,0.8391136801541426,0.4636363636363636
9,0.8314065510597303,0.4727272727272727
