fold,Acc_train,Acc_test
0,0.8278210116731517,0.5
1,0.8317120622568094,0.475
2,0.8453307392996109,0.4666666666666667
3,0.8278210116731517,0.48333333333333334
4,0.8359223300970874,0.5169491525423728
5,0.8352601156069365,0.39090909090909093
6,0.8362235067437379,0.5272727272727272
7,0.8304431599229287,0.45454545454545453
8,0.8314065510597303,0.5181818181818182
9,0.8198458574181118,0.4636363636363636
