fold,Acc_train,Acc_test
0,1.0,0.8083333333333333
1,1.0,0.75
2,1.0,0.7583333333333333
3,1.0,0.8416666666666667
4,1.0,0.8050847457627118
5,1.0,0.8090909090909091
6,1.0,0.8090909090909091
7,1.0,0.7181818181818181
8,1.0,0.7272727272727273
9,1.0,0.7545454545454545
