fold,Acc_train,Acc_test
0,1.0,0.95
1,1.0,0.9666666666666667
2,1.0,0.9166666666666666
3,1.0,0.9333333333333333
4,1.0,0.9067796610169492
5,1.0,0.9818181818181818
6,1.0,0.9545454545454546
7,1.0,0.9181818181818182
8,1.0,0.8909090909090909
9,1.0,0.9090909090909091
