fold,Acc_train,Acc_test
0,1.0,0.8916666666666667
1,1.0,0.8583333333333333
2,1.0,0.8333333333333334
3,1.0,0.825
4,1.0,0.7711864406779662
5,1.0,0.8909090909090909
6,1.0,0.8
7,1.0,0.8818181818181818
8,1.0,0.8454545454545455
9,1.0,0.8818181818181818
