fold,Acc_train,Acc_test
0,0.8404669260700389,0.8
1,0.8326848249027238,0.8666666666666667
2,0.8414396887159533,0.8083333333333333
3,0.8443579766536965,0.8083333333333333
4,0.8475728155339806,0.7542372881355932
5,0.8429672447013488,0.7454545454545455
6,0.850674373795761,0.7545454545454545
7,0.8352601156069365,0.8272727272727273
8,0.8429672447013488,0.7818181818181819
9,0.850674373795761,0.7090909090909091
