fold,Acc_train,Acc_test
0,0.7042801556420234,0.55
1,0.7042801556420234,0.575
2,0.7042801556420234,0.6083333333333333
3,0.7159533073929961,0.5083333333333333
4,0.7029126213592233,0.576271186440678
5,0.6994219653179191,0.5818181818181818
6,0.7042389210019268,0.5454545454545454
7,0.7196531791907514,0.5636363636363636
8,0.7023121387283237,0.5909090909090909
9,0.7090558766859345,0.5363636363636364
