fold,Acc_train,Acc_test
0,1.0,0.825
1,1.0,0.875
2,1.0,0.8833333333333333
3,1.0,0.8666666666666667
4,1.0,0.8728813559322034
5,1.0,0.8545454545454545
6,1.0,0.8636363636363636
7,1.0,0.9090909090909091
8,1.0,0.8272727272727273
9,1.0,0.8727272727272727
