fold,Acc_train,Acc_test
0,0.9153696498054474,0.8333333333333334
1,0.6381322957198443,0.6
2,1.0,0.8916666666666667
3,0.8891050583657587,0.8166666666666667
4,0.6,0.5254237288135594
5,0.5269749518304432,0.5181818181818182
6,0.6560693641618497,0.6545454545454545
7,0.7572254335260116,0.6909090909090909
8,0.8583815028901735,0.7909090909090909
9,0.9701348747591522,0.8727272727272727
