fold,Acc_train,Acc_test
0,0.9610894941634242,0.8833333333333333
1,0.9484435797665369,0.8833333333333333
2,0.9416342412451362,0.8583333333333333
3,0.9464980544747081,0.8666666666666667
4,0.9524271844660194,0.8389830508474576
5,0.9576107899807321,0.9090909090909091
6,0.9499036608863198,0.8363636363636363
7,0.9527938342967245,0.9
8,0.9527938342967245,0.9
9,0.9518304431599229,0.8818181818181818
