fold,Acc_train,Acc_test
0,0.8511673151750972,0.7166666666666667
1,0.8453307392996109,0.8
2,0.8404669260700389,0.85
3,0.8570038910505836,0.7916666666666666
4,0.8407766990291262,0.7966101694915254
5,0.8574181117533719,0.7636363636363637
6,0.848747591522158,0.7545454545454545
7,0.8439306358381503,0.8454545454545455
8,0.8631984585741811,0.8272727272727273
9,0.8420038535645472,0.8363636363636363
