fold,Acc_train,Acc_test
0,0.6215953307392996,0.49166666666666664
1,0.6206225680933852,0.48333333333333334
2,0.6284046692607004,0.49166666666666664
3,0.6186770428015564,0.5083333333333333
4,0.6233009708737864,0.5423728813559322
5,0.6310211946050096,0.5454545454545454
6,0.6310211946050096,0.5272727272727272
7,0.6098265895953757,0.4818181818181818
8,0.6329479768786127,0.4818181818181818
9,0.626204238921002,0.45454545454545453
