fold,Acc_train,Acc_test
0,1.0,0.7416666666666667
1,1.0,0.7083333333333334
2,1.0,0.7416666666666667
3,1.0,0.675
4,1.0,0.7203389830508474
5,1.0,0.7
6,1.0,0.7545454545454545
7,1.0,0.7181818181818181
8,1.0,0.6909090909090909
9,1.0,0.7090909090909091
