fold,Acc_train,Acc_test
0,0.6167315175097277,0.44166666666666665
1,0.603112840466926,0.49166666666666664
2,0.6089494163424124,0.43333333333333335
3,0.5963035019455253,0.5
4,0.6048543689320388,0.5423728813559322
5,0.615606936416185,0.43636363636363634
6,0.5953757225433526,0.4
7,0.6088631984585742,0.4818181818181818
8,0.5982658959537572,0.5636363636363636
9,0.6088631984585742,0.45454545454545453
