fold,Acc_train,Acc_test
0,0.6955252918287937,0.5833333333333334
1,0.7149805447470817,0.4666666666666667
2,0.6984435797665369,0.5333333333333333
3,0.6896887159533074,0.6
4,0.6893203883495146,0.6440677966101694
5,0.6917148362235067,0.6727272727272727
6,0.7003853564547207,0.6272727272727273
7,0.6955684007707129,0.5363636363636364
8,0.708092485549133,0.4818181818181818
9,0.708092485549133,0.5272727272727272
