fold,Acc_train,Acc_test
0,1.0,0.9583333333333334
1,1.0,0.9833333333333333
2,1.0,0.9666666666666667
3,1.0,0.9416666666666667
4,1.0,0.9576271186440678
5,1.0,0.9727272727272728
6,1.0,0.9636363636363636
7,1.0,0.9363636363636364
8,1.0,0.9545454545454546
9,1.0,0.9272727272727272
