fold,Acc_train,Acc_test
0,1.0,0.9333333333333333
1,1.0,0.9416666666666667
2,1.0,0.925
3,1.0,0.9
4,1.0,0.9152542372881356
5,1.0,0.9090909090909091
6,1.0,0.9272727272727272
7,1.0,0.8636363636363636
8,1.0,0.9090909090909091
9,1.0,0.9
