fold,Acc_train,Acc_test
0,1.0,0.9833333333333333
1,1.0,0.9833333333333333
2,1.0,0.9416666666666667
3,1.0,0.95
4,1.0,0.9491525423728814
5,1.0,0.9545454545454546
6,1.0,0.9545454545454546
7,1.0,0.9636363636363636
8,1.0,0.9818181818181818
9,1.0,0.9818181818181818
