fold,Acc_train,Acc_test
0,1.0,0.9
1,1.0,0.95
2,1.0,0.85
3,1.0,0.9666666666666667
4,1.0,0.940677966101695
5,1.0,0.8818181818181818
6,1.0,0.9272727272727272
7,1.0,0.9272727272727272
8,1.0,0.9
9,1.0,0.9545454545454546
