fold,Acc_train,Acc_test
0,1.0,0.8333333333333334
1,1.0,0.7166666666666667
2,1.0,0.8166666666666667
3,1.0,0.8333333333333334
4,1.0,0.8305084745762712
5,1.0,0.8909090909090909
6,1.0,0.8545454545454545
7,1.0,0.7909090909090909
8,1.0,0.7727272727272727
9,1.0,0.8636363636363636
