fold,Acc_train,Acc_test
0,0.9854085603112841,0.9
1,0.9892996108949417,0.85
2,0.9834630350194552,0.8166666666666667
3,0.9970817120622568,0.85
4,0.9796116504854369,0.923728813559322
5,0.8892100192678227,0.7818181818181819
6,0.9653179190751445,0.7909090909090909
7,0.9845857418111753,0.8727272727272727
8,0.9816955684007708,0.8636363636363636
9,0.9980732177263969,0.7818181818181819
