fold,Acc_train,Acc_test
0,1.0,0.8833333333333333
1,1.0,0.9166666666666666
2,1.0,0.9166666666666666
3,1.0,0.8583333333333333
4,0.9990291262135922,0.8813559322033898
5,0.9932562620423893,0.9181818181818182
6,0.9990366088631984,0.8636363636363636
7,1.0,0.8636363636363636
8,0.9990366088631984,0.8727272727272727
9,1.0,0.8454545454545455
