fold,Acc_train,Acc_test
0,0.8861867704280155,0.7
1,0.9640077821011673,0.7333333333333333
2,0.7859922178988327,0.6666666666666666
3,0.9075875486381323,0.75
4,0.9990291262135922,0.864406779661017
5,0.9460500963391136,0.7909090909090909
6,0.9730250481695568,0.7818181818181819
7,0.905587668593449,0.7909090909090909
8,0.7870905587668593,0.6454545454545455
9,0.9046242774566474,0.7545454545454545
