fold,Acc_train,Acc_test
0,1.0,0.8833333333333333
1,1.0,0.8416666666666667
2,1.0,0.8916666666666667
3,1.0,0.8666666666666667
4,1.0,0.8305084745762712
5,1.0,0.8727272727272727
6,1.0,0.8545454545454545
7,1.0,0.8454545454545455
8,1.0,0.8818181818181818
9,1.0,0.8181818181818182
