fold,Acc_train,Acc_test
0,1.0,0.8666666666666667
1,1.0,0.9083333333333333
2,1.0,0.8666666666666667
3,1.0,0.9083333333333333
4,1.0,0.9067796610169492
5,1.0,0.8818181818181818
6,1.0,0.8909090909090909
7,1.0,0.9090909090909091
8,1.0,0.8727272727272727
9,1.0,0.8636363636363636
