fold,Acc_train,Acc_test
0,1.0,0.7
1,1.0,0.7583333333333333
2,1.0,0.7666666666666667
3,1.0,0.7416666666666667
4,1.0,0.6694915254237288
5,1.0,0.7181818181818181
6,1.0,0.7272727272727273
7,1.0,0.7363636363636363
8,1.0,0.7818181818181819
9,1.0,0.6636363636363637
