fold,Acc_train,Acc_test
0,1.0,0.775
1,1.0,0.8333333333333334
2,1.0,0.7416666666666667
3,1.0,0.7083333333333334
4,1.0,0.8050847457627118
5,1.0,0.7909090909090909
6,1.0,0.8181818181818182
7,1.0,0.7363636363636363
8,1.0,0.7090909090909091
9,1.0,0.8181818181818182
