fold,Acc_train,Acc_test
0,1.0,0.85
1,1.0,0.8666666666666667
2,1.0,0.825
3,1.0,0.8083333333333333
4,1.0,0.8135593220338984
5,1.0,0.8363636363636363
6,1.0,0.8
7,1.0,0.9545454545454546
8,1.0,0.8181818181818182
9,1.0,0.8363636363636363
