fold,Acc_train,Acc_test
0,1.0,0.6583333333333333
1,1.0,0.675
2,1.0,0.6
3,1.0,0.6333333333333333
4,1.0,0.6610169491525424
5,1.0,0.6454545454545455
6,1.0,0.5727272727272728
7,1.0,0.6727272727272727
8,1.0,0.6090909090909091
9,1.0,0.5909090909090909
