fold,Acc_train,Acc_test
0,1.0,0.7666666666666667
1,1.0,0.825
2,1.0,0.825
3,1.0,0.7333333333333333
4,1.0,0.8220338983050848
5,1.0,0.8363636363636363
6,1.0,0.8909090909090909
7,1.0,0.8909090909090909
8,1.0,0.7909090909090909
9,1.0,0.8454545454545455
