fold,Acc_train,Acc_test
0,1.0,0.6416666666666667
1,1.0,0.7166666666666667
2,1.0,0.6833333333333333
3,1.0,0.7083333333333334
4,1.0,0.6186440677966102
5,1.0,0.6909090909090909
6,1.0,0.7454545454545455
7,1.0,0.6636363636363637
8,1.0,0.7
9,1.0,0.6636363636363637
