fold,Acc_train,Acc_test
0,1.0,0.7166666666666667
1,1.0,0.6833333333333333
2,1.0,0.7666666666666667
3,1.0,0.7583333333333333
4,1.0,0.7796610169491526
5,1.0,0.6727272727272727
6,1.0,0.6727272727272727
7,1.0,0.7727272727272727
8,1.0,0.7181818181818181
9,1.0,0.7636363636363637
