fold,Acc_train,Acc_test
0,1.0,0.8
1,1.0,0.8
2,1.0,0.85
3,1.0,0.8333333333333334
4,1.0,0.788135593220339
5,1.0,0.8636363636363636
6,1.0,0.8181818181818182
7,1.0,0.8727272727272727
8,1.0,0.8272727272727273
9,1.0,0.8454545454545455
