fold,Acc_train,Acc_test
0,1.0,0.8166666666666667
1,1.0,0.8166666666666667
2,1.0,0.775
3,1.0,0.8333333333333334
4,1.0,0.8135593220338984
5,1.0,0.7727272727272727
6,1.0,0.8363636363636363
7,1.0,0.7272727272727273
8,1.0,0.7363636363636363
9,1.0,0.7818181818181819
