fold,Acc_train,Acc_test
0,1.0,0.925
1,1.0,0.95
2,1.0,0.9
3,1.0,0.8833333333333333
4,1.0,0.8813559322033898
5,1.0,0.9
6,1.0,0.9181818181818182
7,1.0,0.9
8,1.0,0.8909090909090909
9,1.0,0.8545454545454545
