fold,Acc_train,Acc_test
0,1.0,0.7666666666666667
1,1.0,0.6833333333333333
2,1.0,0.7
3,1.0,0.7166666666666667
4,1.0,0.7542372881355932
5,1.0,0.7181818181818181
6,1.0,0.7545454545454545
7,1.0,0.7363636363636363
8,1.0,0.7090909090909091
9,1.0,0.8090909090909091
