fold,Acc_train,Acc_test
0,0.712180746561886,0.5916666666666667
1,0.7131630648330058,0.5416666666666666
2,0.6964636542239686,0.575
3,0.7098039215686275,0.559322033898305
4,0.7149805447470817,0.5272727272727272
5,0.708171206225681,0.5545454545454546
6,0.6974708171206225,0.6090909090909091
7,0.7217898832684825,0.5181818181818182
8,0.708171206225681,0.5454545454545454
9,0.7071984435797666,0.6
