fold,Acc_train,Acc_test
0,0.7721021611001965,0.675
1,0.7740667976424361,0.8166666666666667
2,0.7819253438113949,0.7083333333333334
3,0.7696078431372549,0.711864406779661
4,0.7675097276264592,0.6909090909090909
5,0.7704280155642024,0.7
6,0.7762645914396887,0.7181818181818181
7,0.7723735408560312,0.7363636363636363
8,0.7830739299610895,0.6727272727272727
9,0.7889105058365758,0.7454545454545455
