fold,Acc_train,Acc_test
0,1.0,0.7166666666666667
1,1.0,0.7333333333333333
2,1.0,0.75
3,1.0,0.7203389830508474
4,1.0,0.7545454545454545
5,1.0,0.6727272727272727
6,1.0,0.7272727272727273
7,1.0,0.6909090909090909
8,1.0,0.6636363636363637
9,1.0,0.6909090909090909
