fold,Acc_train,Acc_test
0,0.9901768172888016,0.9583333333333334
1,0.9941060903732809,0.95
2,0.9931237721021611,0.9583333333333334
3,0.9911764705882353,0.940677966101695
4,0.9922178988326849,0.9363636363636364
5,0.9902723735408561,0.9545454545454546
6,0.9902723735408561,0.9818181818181818
7,0.9902723735408561,0.9272727272727272
8,0.9902723735408561,0.9181818181818182
9,0.9902723735408561,0.9727272727272728
