fold,Acc_train,Acc_test
0,0.9724950884086444,0.775
1,0.9970530451866405,0.7833333333333333
2,0.9921414538310412,0.8083333333333333
3,0.9970588235294118,0.7542372881355932
4,0.9970817120622568,0.8090909090909091
5,0.9941634241245136,0.8454545454545455
6,0.9299610894941635,0.7909090909090909
7,0.9854085603112841,0.8090909090909091
8,0.853112840466926,0.6363636363636364
9,0.8200389105058365,0.6363636363636364
