fold,Acc_train,Acc_test
0,0.9793713163064833,0.9583333333333334
1,0.9833005893909627,0.9333333333333333
2,0.9833005893909627,0.8916666666666667
3,0.9823529411764705,0.8813559322033898
4,0.9834630350194552,0.8727272727272727
5,0.980544747081712,0.9272727272727272
6,0.9815175097276264,0.9363636363636364
7,0.9815175097276264,0.8727272727272727
8,0.9795719844357976,0.8909090909090909
9,0.980544747081712,0.9
