fold,Acc_train,Acc_test
0,0.8477406679764243,0.7666666666666667
1,0.8487229862475442,0.825
2,0.8565815324165029,0.7
3,0.8411764705882353,0.8389830508474576
4,0.8433852140077821,0.7818181818181819
5,0.8433852140077821,0.8181818181818182
6,0.8443579766536965,0.8
7,0.8501945525291829,0.7909090909090909
8,0.8472762645914397,0.7636363636363637
9,0.8501945525291829,0.8272727272727273
