fold,Acc_train,Acc_test
0,0.6944990176817288,0.5083333333333333
1,0.6807465618860511,0.5666666666666667
2,0.6758349705304518,0.55
3,0.6862745098039216,0.5508474576271186
4,0.683852140077821,0.5545454545454546
5,0.6867704280155642,0.5545454545454546
6,0.6926070038910506,0.5636363636363636
7,0.6974708171206225,0.5727272727272728
8,0.6857976653696498,0.5818181818181818
9,0.6906614785992218,0.6090909090909091
