fold,Acc_train,Acc_test
0,0.593320235756385,0.4583333333333333
1,0.5982318271119843,0.5333333333333333
2,0.600196463654224,0.425
3,0.5843137254901961,0.4576271186440678
4,0.5943579766536965,0.45454545454545453
5,0.585603112840467,0.44545454545454544
6,0.5924124513618677,0.4636363636363636
7,0.5992217898832685,0.39090909090909093
8,0.6040856031128404,0.44545454545454544
9,0.5894941634241245,0.4909090909090909
