fold,Acc_train,Acc_test
0,1.0,0.825
1,1.0,0.875
2,1.0,0.8166666666666667
3,1.0,0.788135593220339
4,1.0,0.8272727272727273
5,1.0,0.8454545454545455
6,1.0,0.8545454545454545
7,1.0,0.7909090909090909
8,1.0,0.9181818181818182
9,1.0,0.8727272727272727
