fold,Acc_train,Acc_test
0,1.0,0.9083333333333333
1,1.0,0.825
2,1.0,0.8833333333333333
3,1.0,0.923728813559322
4,1.0,0.9090909090909091
5,1.0,0.8636363636363636
6,1.0,0.9363636363636364
7,1.0,0.9363636363636364
8,1.0,0.9454545454545454
9,1.0,0.8909090909090909
