fold,Acc_train,Acc_test
0,0.918467583497053,0.775
1,0.9243614931237721,0.7416666666666667
2,0.925343811394892,0.7416666666666667
3,0.9225490196078432,0.7288135593220338
4,0.9114785992217899,0.7272727272727273
5,0.9280155642023347,0.7272727272727273
6,0.9231517509727627,0.7181818181818181
7,0.9153696498054474,0.6909090909090909
8,0.9066147859922179,0.7818181818181819
9,0.9173151750972762,0.7181818181818181
