fold,Acc_train,Acc_test
0,0.8369351669941061,0.775
1,0.8231827111984283,0.7416666666666667
2,0.8241650294695482,0.7666666666666667
3,0.8254901960784313,0.7966101694915254
4,0.8258754863813229,0.7909090909090909
5,0.8297665369649806,0.8090909090909091
6,0.8463035019455253,0.7909090909090909
7,0.8394941634241245,0.7363636363636363
8,0.8239299610894941,0.7818181818181819
9,0.8258754863813229,0.8272727272727273
