fold,Acc_train,Acc_test
0,0.9538310412573674,0.825
1,0.9548133595284872,0.8166666666666667
2,0.949901768172888,0.8583333333333333
3,0.9509803921568627,0.9152542372881356
4,0.9601167315175098,0.8727272727272727
5,0.9542801556420234,0.8454545454545455
6,0.9474708171206225,0.8454545454545455
7,0.9640077821011673,0.8272727272727273
8,0.9542801556420234,0.9090909090909091
9,0.9591439688715954,0.8909090909090909
