fold,Acc_train,Acc_test
0,1.0,0.85
1,1.0,0.9333333333333333
2,0.9980353634577603,0.8833333333333333
3,1.0,0.8050847457627118
4,0.6400778210116731,0.5454545454545454
5,0.9445525291828794,0.8272727272727273
6,0.6206225680933852,0.5454545454545454
7,1.0,0.8181818181818182
8,0.7704280155642024,0.7
9,0.9941634241245136,0.8818181818181818
