fold,Acc_train,Acc_test
0,0.8182711198428291,0.475
1,0.831041257367387,0.4166666666666667
2,0.8487229862475442,0.4166666666666667
3,0.8323529411764706,0.4745762711864407
4,0.830739299610895,0.44545454545454544
5,0.8278210116731517,0.4909090909090909
6,0.8200389105058365,0.41818181818181815
7,0.8229571984435797,0.44545454545454544
8,0.8385214007782101,0.5363636363636364
9,0.8103112840466926,0.509090909090909
