fold,Acc_train,Acc_test
0,0.9607072691552063,0.7
1,0.9489194499017681,0.65
2,0.9646365422396856,0.725
3,0.9647058823529412,0.6864406779661016
4,0.9708171206225681,0.7
5,0.9552529182879378,0.7454545454545455
6,0.9571984435797666,0.7090909090909091
7,0.9630350194552529,0.6909090909090909
8,0.9640077821011673,0.7545454545454545
9,0.9562256809338522,0.7181818181818181
