fold,Acc_train,Acc_test
0,0.9901768172888016,0.85
1,0.9823182711198428,0.875
2,0.5726915520628684,0.5833333333333334
3,0.9862745098039216,0.8728813559322034
4,0.9396887159533074,0.8909090909090909
5,0.7003891050583657,0.7272727272727273
6,0.9562256809338522,0.8363636363636363
7,0.6663424124513618,0.6727272727272727
8,0.9649805447470817,0.7909090909090909
9,0.7879377431906615,0.7181818181818181
