fold,Acc_train,Acc_test
0,0.9862475442043221,0.775
1,0.9872298624754421,0.7666666666666667
2,0.9882121807465619,0.8583333333333333
3,0.9892156862745098,0.8559322033898306
4,0.9883268482490273,0.8545454545454545
5,0.9873540856031129,0.8545454545454545
6,0.9883268482490273,0.8727272727272727
7,0.9883268482490273,0.8
8,0.9863813229571985,0.8545454545454545
9,0.9873540856031129,0.8727272727272727
