fold,Acc_train,Acc_test
0,0.9695481335952849,0.7166666666666667
1,0.9695481335952849,0.725
2,0.9567779960707269,0.6416666666666667
3,0.961764705882353,0.6864406779661016
4,0.9610894941634242,0.7454545454545455
5,0.9708171206225681,0.7545454545454545
6,0.9737354085603113,0.7181818181818181
7,0.9640077821011673,0.6636363636363637
8,0.9737354085603113,0.6727272727272727
9,0.9688715953307393,0.6909090909090909
