fold,Acc_train,Acc_test
0,0.6031434184675835,0.5083333333333333
1,0.6237721021611002,0.5083333333333333
2,0.6090373280943026,0.5333333333333333
3,0.6029411764705882,0.4745762711864407
4,0.6118677042801557,0.4636363636363636
5,0.6118677042801557,0.42727272727272725
6,0.6011673151750972,0.5181818181818182
7,0.6021400778210116,0.4727272727272727
8,0.6060311284046692,0.5272727272727272
9,0.607976653696498,0.4
