fold,Acc_train,Acc_test
0,0.756385068762279,0.65
1,0.7554027504911591,0.6083333333333333
2,0.7583497053045186,0.6916666666666667
3,0.7607843137254902,0.7627118644067796
4,0.7684824902723736,0.7363636363636363
5,0.7529182879377432,0.7545454545454545
6,0.7568093385214008,0.7
7,0.7636186770428015,0.6090909090909091
8,0.75,0.7
9,0.7412451361867705,0.7727272727272727
