fold,Acc_train,Acc_test
0,1.0,0.8833333333333333
1,1.0,0.8416666666666667
2,1.0,0.8
3,1.0,0.847457627118644
4,1.0,0.8363636363636363
5,1.0,0.8090909090909091
6,1.0,0.9181818181818182
7,1.0,0.8818181818181818
8,1.0,0.8363636363636363
9,1.0,0.8909090909090909
