fold,Acc_train,Acc_test
0,0.8074656188605108,0.425
1,0.8212180746561886,0.49166666666666664
2,0.8202357563850687,0.5166666666666667
3,0.8068627450980392,0.5423728813559322
4,0.816147859922179,0.43636363636363634
5,0.8210116731517509,0.39090909090909093
6,0.8122568093385214,0.5272727272727272
7,0.835603112840467,0.4818181818181818
8,0.8210116731517509,0.4727272727272727
9,0.8142023346303502,0.41818181818181815
