fold,Acc_train,Acc_test
0,0.9901768172888016,0.9666666666666667
1,0.9941060903732809,0.95
2,0.9931237721021611,0.9416666666666667
3,0.9911764705882353,0.940677966101695
4,0.9922178988326849,0.9090909090909091
5,0.9902723735408561,0.9636363636363636
6,0.9902723735408561,0.9636363636363636
7,0.9902723735408561,0.9636363636363636
8,0.9902723735408561,0.9636363636363636
9,0.9902723735408561,0.9636363636363636
