fold,Acc_train,Acc_test
0,1.0,0.9166666666666666
1,1.0,0.9583333333333334
2,1.0,0.9166666666666666
3,1.0,0.923728813559322
4,1.0,0.9454545454545454
5,1.0,0.9181818181818182
6,1.0,0.9272727272727272
7,1.0,0.9272727272727272
8,1.0,0.9454545454545454
9,1.0,0.9454545454545454
