fold,Acc_train,Acc_test
0,0.9842829076620825,0.9333333333333333
1,0.9882121807465619,0.9166666666666666
2,0.9882121807465619,0.8833333333333333
3,0.9872549019607844,0.8813559322033898
4,0.9873540856031129,0.8909090909090909
5,0.9854085603112841,0.9181818181818182
6,0.9854085603112841,0.9181818181818182
7,0.9854085603112841,0.8818181818181818
8,0.9844357976653697,0.8636363636363636
9,0.9844357976653697,0.9
