fold,Acc_train,Acc_test
0,1.0,0.8833333333333333
1,1.0,0.8583333333333333
2,1.0,0.7583333333333333
3,1.0,0.8728813559322034
4,1.0,0.8272727272727273
5,1.0,0.8
6,1.0,0.7636363636363637
7,1.0,0.8
8,1.0,0.8363636363636363
9,1.0,0.9
