fold,Acc_train,Acc_test
0,0.6090373280943026,0.5333333333333333
1,0.9941060903732809,0.8333333333333334
2,0.9931237721021611,0.8833333333333333
3,0.9990196078431373,0.8559322033898306
4,0.9260700389105059,0.8727272727272727
5,0.5389105058365758,0.5545454545454546
6,0.9844357976653697,0.8818181818181818
7,0.6235408560311284,0.5454545454545454
8,0.9883268482490273,0.8636363636363636
9,0.995136186770428,0.8272727272727273
