fold,Acc_train,Acc_test
0,0.9911591355599214,0.7333333333333333
1,0.9774066797642437,0.7833333333333333
2,0.9007858546168959,0.6583333333333333
3,0.9774509803921568,0.6949152542372882
4,0.9348249027237354,0.7090909090909091
5,0.9824902723735408,0.7272727272727273
6,0.9630350194552529,0.8090909090909091
7,0.9698443579766537,0.8090909090909091
8,0.9319066147859922,0.6909090909090909
9,0.9406614785992218,0.7181818181818181
