fold,Acc_train,Acc_test
0,0.8772102161100196,0.7
1,0.9056974459724951,0.7083333333333334
2,0.9204322200392927,0.7333333333333333
3,0.9098039215686274,0.6949152542372882
4,0.9678988326848249,0.8
5,0.9494163424124513,0.8272727272727273
6,0.8326848249027238,0.6727272727272727
7,0.9134241245136187,0.7181818181818181
8,0.8404669260700389,0.7363636363636363
9,0.7334630350194552,0.5727272727272728
