fold,Acc_train,Acc_test
0,1.0,0.8
1,1.0,0.8833333333333333
2,1.0,0.8166666666666667
3,1.0,0.847457627118644
4,1.0,0.8181818181818182
5,1.0,0.8636363636363636
6,1.0,0.8818181818181818
7,1.0,0.9181818181818182
8,1.0,0.8272727272727273
9,1.0,0.8545454545454545
