fold,Acc_train,Acc_test
0,0.9901768172888016,0.9166666666666666
1,0.9941060903732809,0.8583333333333333
2,0.9931237721021611,0.8583333333333333
3,0.9911764705882353,0.8983050847457628
4,0.9922178988326849,0.8727272727272727
5,0.9902723735408561,0.8727272727272727
6,0.9902723735408561,0.8818181818181818
7,0.9902723735408561,0.9363636363636364
8,0.9902723735408561,0.8818181818181818
9,0.9902723735408561,0.8909090909090909
