fold,Acc_train,Acc_test
0,1.0,0.7166666666666667
1,1.0,0.7833333333333333
2,1.0,0.75
3,1.0,0.6779661016949152
4,1.0,0.7363636363636363
5,1.0,0.6909090909090909
6,1.0,0.7545454545454545
7,1.0,0.6818181818181818
8,1.0,0.7
9,1.0,0.6636363636363637
