fold,Acc_train,Acc_test
0,0.9842829076620825,0.775
1,0.9882121807465619,0.7833333333333333
2,0.9882121807465619,0.8
3,0.9872549019607844,0.7372881355932204
4,0.9873540856031129,0.7363636363636363
5,0.9854085603112841,0.7272727272727273
6,0.9854085603112841,0.8
7,0.9854085603112841,0.7545454545454545
8,0.9844357976653697,0.7909090909090909
9,0.9844357976653697,0.7545454545454545
