fold,Acc_train,Acc_test
0,1.0,0.8166666666666667
1,1.0,0.85
2,1.0,0.775
3,1.0,0.7372881355932204
4,1.0,0.8454545454545455
5,1.0,0.8090909090909091
6,1.0,0.8454545454545455
7,1.0,0.8090909090909091
8,1.0,0.8
9,1.0,0.8545454545454545
