fold,Acc_train,Acc_test
0,1.0,0.5833333333333334
1,1.0,0.65
2,1.0,0.7
3,1.0,0.6864406779661016
4,1.0,0.7
5,1.0,0.6727272727272727
6,1.0,0.6
7,1.0,0.6363636363636364
8,1.0,0.6454545454545455
9,1.0,0.6727272727272727
