fold,Acc_train,Acc_test
0,0.9901768172888016,0.7916666666666666
1,0.9941060903732809,0.7916666666666666
2,0.9931237721021611,0.7583333333333333
3,0.9911764705882353,0.8389830508474576
4,0.9922178988326849,0.8181818181818182
5,0.9902723735408561,0.8636363636363636
6,0.9902723735408561,0.8727272727272727
7,0.9902723735408561,0.8636363636363636
8,0.9902723735408561,0.8090909090909091
9,0.9902723735408561,0.9
