fold,Acc_train,Acc_test
0,0.9842829076620825,0.675
1,0.9882121807465619,0.6916666666666667
2,0.9882121807465619,0.6666666666666666
3,0.9872549019607844,0.7203389830508474
4,0.9873540856031129,0.6636363636363637
5,0.9854085603112841,0.7363636363636363
6,0.9854085603112841,0.7545454545454545
7,0.9854085603112841,0.6545454545454545
8,0.9844357976653697,0.6272727272727273
9,0.9844357976653697,0.7181818181818181
