fold,Acc_train,Acc_test
0,1.0,0.9
1,1.0,0.8666666666666667
2,1.0,0.8333333333333334
3,1.0,0.7966101694915254
4,1.0,0.8181818181818182
5,1.0,0.8272727272727273
6,1.0,0.7818181818181819
7,1.0,0.8363636363636363
8,1.0,0.8454545454545455
9,1.0,0.8727272727272727
