fold,Acc_train,Acc_test
0,1.0,0.65
1,1.0,0.7583333333333333
2,1.0,0.7166666666666667
3,1.0,0.7033898305084746
4,1.0,0.6818181818181818
5,1.0,0.7545454545454545
6,1.0,0.7636363636363637
7,1.0,0.6545454545454545
8,1.0,0.6818181818181818
9,1.0,0.7090909090909091
