fold,Acc_train,Acc_test
0,0.9842829076620825,0.75
1,0.9882121807465619,0.8333333333333334
2,0.9882121807465619,0.8083333333333333
3,0.9862745098039216,0.711864406779661
4,0.9873540856031129,0.7636363636363637
5,0.9854085603112841,0.7454545454545455
6,0.9854085603112841,0.8090909090909091
7,0.9824902723735408,0.6818181818181818
8,0.980544747081712,0.7818181818181819
9,0.9844357976653697,0.7909090909090909
