fold,Acc_train,Acc_test
0,1.0,0.9
1,1.0,0.8416666666666667
2,1.0,0.8333333333333334
3,1.0,0.847457627118644
4,1.0,0.9
5,1.0,0.8909090909090909
6,1.0,0.8818181818181818
7,1.0,0.8909090909090909
8,1.0,0.9090909090909091
9,1.0,0.9
