fold,Acc_train,Acc_test
0,0.9901768172888016,0.9166666666666666
1,0.9941060903732809,0.8833333333333333
2,0.9931237721021611,0.8583333333333333
3,0.9911764705882353,0.8813559322033898
4,0.9922178988326849,0.9
5,0.9902723735408561,0.9363636363636364
6,0.9902723735408561,0.9
7,0.9902723735408561,0.9090909090909091
8,0.9902723735408561,0.9
9,0.9902723735408561,0.9272727272727272
