fold,Acc_train,Acc_test
0,1.0,0.775
1,1.0,0.7416666666666667
2,1.0,0.825
3,1.0,0.7711864406779662
4,1.0,0.7454545454545455
5,1.0,0.7636363636363637
6,1.0,0.7454545454545455
7,1.0,0.7545454545454545
8,1.0,0.8363636363636363
9,1.0,0.7454545454545455
