fold,Acc_train,Acc_test
0,0.9842829076620825,0.825
1,0.9882121807465619,0.8416666666666667
2,0.9882121807465619,0.7833333333333333
3,0.9872549019607844,0.7711864406779662
4,0.9873540856031129,0.7636363636363637
5,0.9854085603112841,0.7454545454545455
6,0.9854085603112841,0.7454545454545455
7,0.9854085603112841,0.7454545454545455
8,0.9844357976653697,0.8090909090909091
9,0.9844357976653697,0.8272727272727273
