fold,Acc_train,Acc_test
0,0.9795719844357976,0.6916666666666667
1,0.9610894941634242,0.7583333333333333
2,0.9649805447470817,0.7
3,0.9737354085603113,0.8083333333333333
4,0.970873786407767,0.7288135593220338
5,0.9710982658959537,0.7454545454545455
6,0.9797687861271677,0.7909090909090909
7,0.9788053949903661,0.6636363636363637
8,0.9691714836223507,0.7090909090909091
9,0.9614643545279383,0.7454545454545455
