fold,Acc_train,Acc_test
0,0.9990272373540856,0.7583333333333333
1,0.9990272373540856,0.7666666666666667
2,0.9698443579766537,0.8083333333333333
3,0.9980544747081712,0.7416666666666667
4,0.933009708737864,0.7627118644067796
5,0.9961464354527938,0.8
6,0.9894026974951831,0.8090909090909091
7,0.9971098265895953,0.7272727272727273
8,1.0,0.8272727272727273
9,1.0,0.7636363636363637
