fold,Acc_train,Acc_test
0,0.5865758754863813,0.4666666666666667
1,0.5778210116731517,0.44166666666666665
2,0.5787937743190662,0.45
3,0.5787937743190662,0.4083333333333333
4,0.5883495145631068,0.4491525423728814
5,0.5770712909441233,0.44545454545454544
6,0.5722543352601156,0.5272727272727272
7,0.5780346820809249,0.4909090909090909
8,0.5847784200385356,0.5181818181818182
9,0.5838150289017341,0.509090909090909
