fold,Acc_train,Acc_test
0,0.8745136186770428,0.8166666666666667
1,0.8754863813229572,0.8333333333333334
2,0.8803501945525292,0.7916666666666666
3,0.8706225680933852,0.8083333333333333
4,0.874757281553398,0.8305084745762712
5,0.869942196531792,0.8545454545454545
6,0.869942196531792,0.8818181818181818
7,0.8747591522157996,0.8090909090909091
8,0.8747591522157996,0.8181818181818182
9,0.8776493256262042,0.7909090909090909
