fold,Acc_train,Acc_test
0,1.0,0.6916666666666667
1,1.0,0.7416666666666667
2,1.0,0.65
3,1.0,0.7333333333333333
4,1.0,0.7796610169491526
5,1.0,0.7090909090909091
6,1.0,0.7727272727272727
7,1.0,0.6272727272727273
8,1.0,0.6727272727272727
9,1.0,0.7363636363636363
