fold,Acc_train,Acc_test
0,1.0,0.9583333333333334
1,1.0,0.9583333333333334
2,1.0,0.9583333333333334
3,1.0,0.8916666666666667
4,1.0,0.864406779661017
5,1.0,0.9181818181818182
6,1.0,0.9272727272727272
7,1.0,0.9363636363636364
8,1.0,0.9090909090909091
9,1.0,0.8636363636363636
