fold,Acc_train,Acc_test
0,0.7529182879377432,0.675
1,0.7509727626459144,0.725
2,0.7655642023346303,0.7
3,0.7597276264591439,0.7166666666666667
4,0.7757281553398059,0.7711864406779662
5,0.7726396917148363,0.6909090909090909
6,0.7716763005780347,0.7454545454545455
7,0.7658959537572254,0.7181818181818181
8,0.7658959537572254,0.6636363636363637
9,0.7572254335260116,0.7363636363636363
