fold,Acc_train,Acc_test
0,0.8784046692607004,0.775
1,0.8686770428015564,0.8916666666666667
2,0.8696498054474708,0.8083333333333333
3,0.8745136186770428,0.8166666666666667
4,0.8718446601941747,0.8050847457627118
5,0.8776493256262042,0.7818181818181819
6,0.869942196531792,0.8909090909090909
7,0.873795761078998,0.7636363636363637
8,0.8757225433526011,0.7909090909090909
9,0.871868978805395,0.8545454545454545
