fold,Acc_train,Acc_test
0,1.0,0.9083333333333333
1,1.0,0.9166666666666666
2,1.0,0.925
3,1.0,0.875
4,1.0,0.9067796610169492
5,1.0,0.9
6,1.0,0.9090909090909091
7,1.0,0.8454545454545455
8,1.0,0.9454545454545454
9,1.0,0.9090909090909091
