fold,Acc_train,Acc_test
0,0.938715953307393,0.8083333333333333
1,0.5,0.5
2,0.9727626459143969,0.8583333333333333
3,0.995136186770428,0.9416666666666667
4,0.9718446601941747,0.8050847457627118
5,0.8073217726396917,0.7636363636363637
6,0.5578034682080925,0.5363636363636364
7,0.9961464354527938,0.8272727272727273
8,0.9942196531791907,0.8727272727272727
9,0.9547206165703276,0.8363636363636363
