fold,Acc_train,Acc_test
0,0.6021400778210116,0.525
1,0.5924124513618677,0.5166666666666667
2,0.5972762645914397,0.48333333333333334
3,0.5846303501945526,0.475
4,0.5941747572815534,0.4661016949152542
5,0.594412331406551,0.41818181818181815
6,0.5924855491329479,0.42727272727272725
7,0.5895953757225434,0.509090909090909
8,0.6011560693641619,0.5363636363636364
9,0.5963391136801541,0.4090909090909091
