fold,Acc_train,Acc_test
0,1.0,0.9833333333333333
1,1.0,0.9833333333333333
2,1.0,0.975
3,1.0,0.9833333333333333
4,1.0,0.940677966101695
5,1.0,0.9636363636363636
6,1.0,0.9818181818181818
7,1.0,0.9363636363636364
8,1.0,0.9818181818181818
9,1.0,0.9181818181818182
