fold,Acc_train,Acc_test
0,0.9980544747081712,0.925
1,1.0,0.9416666666666667
2,0.9863813229571985,0.9166666666666666
3,0.995136186770428,0.975
4,0.5718446601941748,0.6101694915254238
5,0.9614643545279383,0.8090909090909091
6,0.9990366088631984,0.9181818181818182
7,1.0,0.8909090909090909
8,0.905587668593449,0.8272727272727273
9,0.5684007707129094,0.5272727272727272
