fold,Acc_train,Acc_test
0,1.0,0.8666666666666667
1,1.0,0.8083333333333333
2,1.0,0.8666666666666667
3,1.0,0.9
4,1.0,0.8305084745762712
5,1.0,0.8272727272727273
6,1.0,0.9
7,1.0,0.9454545454545454
8,1.0,0.8636363636363636
9,1.0,0.8454545454545455
