fold,Acc_train,Acc_test
0,1.0,0.825
1,1.0,0.85
2,1.0,0.8833333333333333
3,1.0,0.875
4,1.0,0.8305084745762712
5,1.0,0.8272727272727273
6,1.0,0.9
7,1.0,0.8727272727272727
8,1.0,0.8181818181818182
9,1.0,0.8727272727272727
