fold,Acc_train,Acc_test
0,0.8171206225680934,0.5583333333333333
1,0.8268482490272373,0.4583333333333333
2,0.8239299610894941,0.4666666666666667
3,0.8210116731517509,0.5833333333333334
4,0.8242718446601942,0.5338983050847458
5,0.8333333333333334,0.5181818181818182
6,0.8208092485549133,0.5272727272727272
7,0.8294797687861272,0.41818181818181815
8,0.8217726396917149,0.5363636363636364
9,0.8275529865125241,0.5181818181818182
