fold,Acc_train,Acc_test
0,0.7130350194552529,0.6083333333333333
1,0.7101167315175098,0.5666666666666667
2,0.7062256809338522,0.625
3,0.7091439688715954,0.675
4,0.7145631067961165,0.6101694915254238
5,0.7215799614643545,0.5909090909090909
6,0.7186897880539499,0.6272727272727273
7,0.7263969171483622,0.5636363636363636
8,0.7023121387283237,0.5454545454545454
9,0.7129094412331407,0.5181818181818182
