fold,Acc_train,Acc_test
0,0.7052529182879378,0.5833333333333334
1,0.6896887159533074,0.625
2,0.6955252918287937,0.5416666666666666
3,0.6994163424124513,0.5333333333333333
4,0.6932038834951456,0.5254237288135594
5,0.6936416184971098,0.5454545454545454
6,0.7109826589595376,0.5818181818181818
7,0.7032755298651252,0.5363636363636364
8,0.6936416184971098,0.5454545454545454
9,0.7023121387283237,0.509090909090909
