fold,Acc_train,Acc_test
0,0.8229571984435797,0.43333333333333335
1,0.816147859922179,0.5583333333333333
2,0.8229571984435797,0.44166666666666665
3,0.7879377431906615,0.3333333333333333
4,0.8126213592233009,0.3220338983050847
5,0.8236994219653179,0.5363636363636364
6,0.8092485549132948,0.39090909090909093
7,0.825626204238921,0.5545454545454546
8,0.8015414258188824,0.4727272727272727
9,0.8092485549132948,0.4727272727272727
