fold,Acc_train,Acc_test
0,0.7607003891050583,0.7583333333333333
1,0.754863813229572,0.6583333333333333
2,0.7607003891050583,0.7333333333333333
3,0.7626459143968871,0.725
4,0.7699029126213592,0.7796610169491526
5,0.7572254335260116,0.7363636363636363
6,0.7678227360308285,0.6636363636363637
7,0.7649325626204239,0.6818181818181818
8,0.7581888246628131,0.6818181818181818
9,0.7543352601156069,0.7272727272727273
