fold,Acc_train,Acc_test
0,0.9659533073929961,0.7666666666666667
1,0.9610894941634242,0.7416666666666667
2,0.9708171206225681,0.7916666666666666
3,0.9708171206225681,0.775
4,0.9786407766990292,0.7966101694915254
5,0.9778420038535646,0.7727272727272727
6,0.9653179190751445,0.7909090909090909
7,0.976878612716763,0.7818181818181819
8,0.976878612716763,0.7545454545454545
9,0.9662813102119461,0.8272727272727273
