fold,Acc_train,Acc_test
0,1.0,0.8416666666666667
1,1.0,0.7916666666666666
2,1.0,0.85
3,1.0,0.8333333333333334
4,1.0,0.8389830508474576
5,1.0,0.8272727272727273
6,1.0,0.8454545454545455
7,1.0,0.8545454545454545
8,1.0,0.7909090909090909
9,1.0,0.8272727272727273
