fold,Acc_train,Acc_test
0,1.0,0.975
1,1.0,0.975
2,1.0,0.95
3,1.0,0.9583333333333334
4,1.0,0.9661016949152542
5,1.0,0.9727272727272728
6,1.0,0.990909090909091
7,1.0,0.9727272727272728
8,1.0,0.9636363636363636
9,1.0,0.9272727272727272
