fold,Acc_train,Acc_test
0,1.0,0.9
1,1.0,0.9083333333333333
2,1.0,0.9416666666666667
3,1.0,0.9416666666666667
4,1.0,0.9576271186440678
5,1.0,0.9636363636363636
6,1.0,0.9454545454545454
7,1.0,0.9727272727272728
8,1.0,0.9090909090909091
9,1.0,0.9818181818181818
