fold,Acc_train,Acc_test
0,1.0,0.925
1,1.0,0.95
2,1.0,0.9666666666666667
3,1.0,0.9166666666666666
4,1.0,0.8983050847457628
5,1.0,0.9181818181818182
6,1.0,0.9272727272727272
7,1.0,0.9363636363636364
8,1.0,0.8727272727272727
9,1.0,0.8818181818181818
