fold,Acc_train,Acc_test
0,0.9464980544747081,0.7833333333333333
1,0.9990272373540856,0.8166666666666667
2,1.0,0.7666666666666667
3,0.9980544747081712,0.75
4,0.9990291262135922,0.7966101694915254
5,0.9980732177263969,0.8090909090909091
6,0.9980732177263969,0.8454545454545455
7,1.0,0.7818181818181819
8,0.9971098265895953,0.7363636363636363
9,0.9152215799614644,0.7363636363636363
