fold,Acc_train,Acc_test
0,0.14980544747081712,0.2
1,0.980544747081712,0.9166666666666666
2,0.9747081712062257,0.7833333333333333
3,0.9854085603112841,0.8833333333333333
4,1.0,0.8728813559322034
5,0.615606936416185,0.5909090909090909
6,0.9441233140655106,0.8727272727272727
7,0.815028901734104,0.7727272727272727
8,0.9951830443159922,0.9
9,0.5221579961464354,0.5454545454545454
