fold,Acc_train,Acc_test
0,0.9990272373540856,0.9
1,0.9571984435797666,0.8083333333333333
2,0.8910505836575876,0.8
3,0.9649805447470817,0.8416666666666667
4,0.9980582524271845,0.8305084745762712
5,0.9344894026974951,0.7818181818181819
6,0.8198458574181118,0.7363636363636363
7,0.9971098265895953,0.8454545454545455
8,0.9104046242774566,0.7545454545454545
9,0.9566473988439307,0.7909090909090909
