fold,Acc_train,Acc_test
0,1.0,0.7416666666666667
1,1.0,0.8
2,1.0,0.7833333333333333
3,1.0,0.7416666666666667
4,1.0,0.8220338983050848
5,1.0,0.8181818181818182
6,1.0,0.7818181818181819
7,1.0,0.7909090909090909
8,1.0,0.7545454545454545
9,1.0,0.7454545454545455
