fold,Acc_train,Acc_test
0,1.0,0.8583333333333333
1,1.0,0.9
2,1.0,0.8833333333333333
3,1.0,0.875
4,1.0,0.847457627118644
5,1.0,0.9454545454545454
6,1.0,0.8636363636363636
7,1.0,0.9181818181818182
8,1.0,0.8545454545454545
9,1.0,0.8909090909090909
