fold,Acc_train,Acc_test
0,1.0,0.7666666666666667
1,1.0,0.6916666666666667
2,1.0,0.7166666666666667
3,1.0,0.6916666666666667
4,1.0,0.6440677966101694
5,1.0,0.7181818181818181
6,1.0,0.7090909090909091
7,1.0,0.7363636363636363
8,1.0,0.7818181818181819
9,1.0,0.7090909090909091
