fold,Acc_train,Acc_test
0,1.0,0.9166666666666666
1,1.0,0.9166666666666666
2,1.0,0.875
3,1.0,0.9333333333333333
4,1.0,0.864406779661017
5,1.0,0.8545454545454545
6,1.0,0.9181818181818182
7,1.0,0.9272727272727272
8,1.0,0.9090909090909091
9,1.0,0.8818181818181818
