fold,Acc_train,Acc_test
0,1.0,0.8833333333333333
1,1.0,0.8416666666666667
2,1.0,0.8166666666666667
3,1.0,0.8
4,1.0,0.8559322033898306
5,1.0,0.8181818181818182
6,1.0,0.8909090909090909
7,1.0,0.8727272727272727
8,1.0,0.8636363636363636
9,1.0,0.8454545454545455
