fold,Acc_train,Acc_test
0,1.0,0.7166666666666667
1,1.0,0.7166666666666667
2,1.0,0.6416666666666667
3,1.0,0.7333333333333333
4,1.0,0.6864406779661016
5,1.0,0.7090909090909091
6,1.0,0.6636363636363637
7,1.0,0.6636363636363637
8,1.0,0.6636363636363637
9,1.0,0.6636363636363637
