fold,Acc_train,Acc_test
0,1.0,0.5916666666666667
1,1.0,0.5916666666666667
2,1.0,0.675
3,1.0,0.6
4,1.0,0.6101694915254238
5,1.0,0.6181818181818182
6,1.0,0.6363636363636364
7,1.0,0.7272727272727273
8,1.0,0.6272727272727273
9,1.0,0.6181818181818182
