fold,Acc_train,Acc_test
0,1.0,0.875
1,1.0,0.825
2,1.0,0.8333333333333334
3,1.0,0.9333333333333333
4,1.0,0.8559322033898306
5,1.0,0.8727272727272727
6,1.0,0.8363636363636363
7,1.0,0.8454545454545455
8,1.0,0.8272727272727273
9,1.0,0.9272727272727272
