fold,Acc_train,Acc_test
0,1.0,0.875
1,1.0,0.8916666666666667
2,1.0,0.8416666666666667
3,1.0,0.825
4,1.0,0.8135593220338984
5,1.0,0.8454545454545455
6,1.0,0.9
7,1.0,0.9090909090909091
8,1.0,0.8454545454545455
9,1.0,0.8454545454545455
