fold,Acc_train,Acc_test
0,1.0,0.7333333333333333
1,1.0,0.675
2,1.0,0.7416666666666667
3,1.0,0.775
4,1.0,0.788135593220339
5,1.0,0.7090909090909091
6,1.0,0.6636363636363637
7,1.0,0.7636363636363637
8,1.0,0.7454545454545455
9,1.0,0.6727272727272727
