fold,Acc_train,Acc_test
0,1.0,0.8083333333333333
1,1.0,0.7916666666666666
2,1.0,0.8
3,1.0,0.8166666666666667
4,1.0,0.7542372881355932
5,1.0,0.7454545454545455
6,1.0,0.7818181818181819
7,1.0,0.7545454545454545
8,1.0,0.7181818181818181
9,1.0,0.7636363636363637
