fold,Acc_train,Acc_test
0,1.0,0.8916666666666667
1,1.0,0.8833333333333333
2,1.0,0.8666666666666667
3,1.0,0.8833333333333333
4,1.0,0.8983050847457628
5,1.0,0.8727272727272727
6,1.0,0.9272727272727272
7,1.0,0.8272727272727273
8,1.0,0.8909090909090909
9,1.0,0.8727272727272727
