fold,Acc_train,Acc_test
0,1.0,0.7833333333333333
1,1.0,0.825
2,1.0,0.775
3,1.0,0.775
4,1.0,0.7627118644067796
5,1.0,0.8363636363636363
6,1.0,0.8090909090909091
7,1.0,0.7727272727272727
8,1.0,0.7818181818181819
9,1.0,0.7909090909090909
