fold,Acc_train,Acc_test
0,1.0,0.9
1,1.0,0.9166666666666666
2,1.0,0.875
3,1.0,0.9166666666666666
4,1.0,0.8898305084745762
5,1.0,0.8545454545454545
6,1.0,0.8909090909090909
7,1.0,0.8909090909090909
8,1.0,0.8909090909090909
9,1.0,0.9181818181818182
