fold,Acc_train,Acc_test
0,1.0,0.7666666666666667
1,1.0,0.7333333333333333
2,1.0,0.75
3,1.0,0.6833333333333333
4,1.0,0.7542372881355932
5,1.0,0.7363636363636363
6,1.0,0.7454545454545455
7,1.0,0.7636363636363637
8,1.0,0.6909090909090909
9,1.0,0.7090909090909091
