fold,Acc_train,Acc_test
0,1.0,0.8583333333333333
1,1.0,0.85
2,1.0,0.85
3,1.0,0.875
4,1.0,0.8813559322033898
5,1.0,0.8818181818181818
6,1.0,0.9363636363636364
7,1.0,0.8545454545454545
8,1.0,0.8545454545454545
9,1.0,0.8909090909090909
